Channel,Total_Spend,Total_Revenue,Total_Leads,Total_Conversions,Avg_ROI,Avg_CPL,Avg_CPA,Channel_ROI
Email,69082.28,55827.61,2928,302,-0.2853040970273909,31.920417463954617,362.73394482787984,-0.19186787118201656
Facebook,118033.94,58933.590000000004,3747,369,-0.5348801969836581,38.47249144515346,544.5115436529144,-0.5007064069876851
Google,167943.52,101688.93,6062,560,-0.35077130354483743,33.92532992021117,418.1530796016477,-0.39450518841096105
