Segment,Customers,Avg_Recency,Avg_Frequency,Avg_Monetary,Total_Revenue,Revenue_%
Silver,214,188.89252336448598,27.96728971962617,4171.14214953271,892624.42,46.79
Gold,104,106.95192307692308,40.43269230769231,7532.890769230769,783420.64,41.06
Bronze,182,231.7967032967033,12.461538461538462,1273.2194505494506,231725.94,12.15
