Product_ID,Category,Profit
P001,Electronics,2759.86
P004,Sports,3916.0200000000004
P014,Beauty,7940.110000000001
P029,Grocery,8782.529999999999
P025,Electronics,9263.31
