Department,Avg_Salary
Finance,78485.96428571429
HR,74730.68571428572
IT,72452.5172413793
Marketing,73113.32352941176
Operations,70643.41025641025
Sales,76756.28571428571
